{
    "nut": 1145.1857591827577,
    "jake": 994.5009953267256,
    "sheep": 1238.1959611380573,
    "n00b": 1203.2270864892218,
    "kashwi": 1007.6669273453193,
    "jl": 1041.884024708651,
    "ssisp": 812.7327046893445,
    "bob": 1034.4562218528167,
    "suoerjomblwojob": 1118.96706197534,
    "duck_17": 899.6751183198575,
    "skybombs": 993.1483311864739,
    "neil": 1008.6980352730013,
    "zerk": 866.1191136751737,
    "chris_lang": 918.1383604886357,
    "chm": 983.9822338023472,
    "m2": 1024.5979951621923,
    "skiqu": 983.1730784109833,
    "klucky": 913.1454579688342,
    "fatboy": 705.0978915126675,
    "tiny_bro": 874.5910997292161,
    "troll": 972.1328147206268,
    "zoro": 999.0383667783727,
    "leeisateam": 1068.8576311611482,
    "chokeagainplz": 913.5008277899208,
    "bluex": 912.9295095682522,
    "quiks": 1127.4280050480704,
    "alp": 873.9749172064943,
    "dfasfaddd": 974.1389049756918,
    "stonoga": 1120.1392726380561,
    "squitar": 1174.288672350227,
    "geo": 1089.524937800307,
    "abys": 777.9037177446718,
    "my_alt": 951.6251564787341,
    "simba": 1132.558219297256,
    "pmt": 926.7661287650357,
    "goomba": 982.2511460423381,
    "z2": 1058.427790107909,
    "meow": 899.9393527193726,
    "afg": 1069.960516237936,
    "sagh": 946.2380329219245,
    "tomori": 1034.4936474353512,
    "unknown": 965.4844136897423,
    "me": 959.4884108791254,
    "deoxys": 1124.2014255777633,
    "zone": 994.5126602926082,
    "dave": 1038.8626714273619,
    "ninja": 1098.299493417489,
    "sinful": 1073.197464889733,
    "truesoft": 977.259759903946,
    "hannah": 979.3271112691178
}