{
    "nut": 1145.1857591827577,
    "jake": 943.1554132065493,
    "sheep": 1191.4299565783235,
    "n00b": 1131.272302331914,
    "kashwi": 1007.6669273453193,
    "jl": 1041.884024708651,
    "ssisp": 785.692921713488,
    "bob": 1066.9303495154973,
    "suoerjomblwojob": 1075.5015437322663,
    "duck_17": 920.7108753186556,
    "skybombs": 1029.1548245102015,
    "neil": 1008.6980352730013,
    "zerk": 924.0518546455925,
    "chris_lang": 918.1383604886357,
    "chm": 983.9822338023472,
    "m2": 1027.7026803327062,
    "skiqu": 1056.3705433007162,
    "klucky": 913.1454579688342,
    "fatboy": 705.0978915126675,
    "tiny_bro": 874.5910997292161,
    "troll": 1053.1177263436375,
    "zoro": 999.0383667783727,
    "leeisateam": 1114.9572441732175,
    "chokeagainplz": 913.5008277899208,
    "bluex": 967.6190158065194,
    "quiks": 1063.5322804496068,
    "alp": 941.9763785544677,
    "dfasfaddd": 974.1389049756918,
    "stonoga": 1154.2431599183615,
    "squitar": 1174.288672350227,
    "geo": 1089.524937800307,
    "abys": 777.9037177446718,
    "my_alt": 951.6251564787341,
    "simba": 1132.558219297256,
    "pmt": 926.7661287650357,
    "goomba": 982.2511460423381,
    "z2": 1038.0378739635753,
    "meow": 899.9393527193726,
    "afg": 1015.2710099996686,
    "sagh": 946.2380329219245,
    "tomori": 1034.4936474353512,
    "unknown": 965.4844136897423,
    "me": 959.4884108791254,
    "deoxys": 1124.2014255777633,
    "zone": 994.5126602926082,
    "dave": 1038.8626714273619
}