{
    "nut": 1145.1857591827577,
    "jake": 1111.7432811907577,
    "sheep": 1082.5029571158698,
    "n00b": 1050.80515103908,
    "kashwi": 1007.6669273453193,
    "jl": 1026.3259765328473,
    "ssisp": 986.9889836828739,
    "bob": 998.3192102572702,
    "suoerjomblwojob": 994.8320209573345,
    "duck_17": 978.7857762725325,
    "skybombs": 976.0439985339767,
    "neil": 1007.8982695940886,
    "zerk": 970.0,
    "chris_lang": 970.0,
    "chm": 970.0,
    "m2": 957.2729229851733,
    "skiqu": 987.6519871943304,
    "klucky": 951.9836920622604,
    "fatboy": 831.6456031296094,
    "tiny_bro": 974.9130533627974,
    "troll": 1019.4344295611209
}