{
    "nut": 1145.1857591827577,
    "jake": 1077.3111957006506,
    "sheep": 1082.5029571158698,
    "n00b": 1050.80515103908,
    "kashwi": 1007.6669273453193,
    "jl": 1026.3259765328473,
    "ssisp": 986.9889836828739,
    "bob": 1094.468157706334,
    "suoerjomblwojob": 994.8320209573345,
    "duck_17": 1021.1190249207682,
    "skybombs": 976.0439985339767,
    "neil": 1007.8982695940886,
    "zerk": 970.0,
    "chris_lang": 970.0,
    "chm": 970.0,
    "m2": 958.3771209773969,
    "skiqu": 958.7177516347289,
    "klucky": 951.9836920622604,
    "fatboy": 794.671885371815,
    "tiny_bro": 924.1620913543418,
    "troll": 1029.7461502692336,
    "zoro": 999.0383667783727,
    "leeisateam": 1016.5032868492436,
    "chokeagainplz": 967.8375756792622,
    "bluex": 1039.676474451129,
    "quiks": 1045.1058286731336,
    "alp": 900.7282780517744,
    "dfasfaddd": 1032.3030755354073
}