{
    "nut": 1145.1857591827577,
    "jake": 1077.3111957006506,
    "sheep": 1109.2580147452493,
    "n00b": 1022.8070324687559,
    "kashwi": 1007.6669273453193,
    "jl": 1026.3259765328473,
    "ssisp": 986.9889836828739,
    "bob": 1000.0696046387127,
    "suoerjomblwojob": 1069.4930878112273,
    "duck_17": 1021.1190249207682,
    "skybombs": 1060.8101527636704,
    "neil": 1007.8982695940886,
    "zerk": 981.9552824107523,
    "chris_lang": 970.0,
    "chm": 937.7244697449366,
    "m2": 1028.877784333817,
    "skiqu": 1056.3705433007162,
    "klucky": 913.1454579688342,
    "fatboy": 716.4103954612532,
    "tiny_bro": 905.9848704576303,
    "troll": 1029.7461502692336,
    "zoro": 999.0383667783727,
    "leeisateam": 979.3636014291098,
    "chokeagainplz": 967.8375756792622,
    "bluex": 957.3545217370491,
    "quiks": 1029.2314133019788,
    "alp": 876.6393393007281,
    "dfasfaddd": 997.8886045936305,
    "stonoga": 1105.4652793936423,
    "squitar": 1090.799371819107,
    "squita": 1059.559247374202,
    "geo": 1040.6023868868174,
    "abys": 892.7096569891003,
    "my_alt": 951.6251564787341,
    "simba": 1018.0200220133049,
    "pmt": 958.7164728908667
}