{
    "nut": 1145.1857591827577,
    "jake": 1111.7432811907577,
    "sheep": 1082.5029571158698,
    "n00b": 1050.80515103908,
    "kashwi": 1007.6669273453193,
    "jl": 1026.3259765328473,
    "ssisp": 986.9889836828739,
    "bob": 1060.036072216227,
    "suoerjomblwojob": 994.8320209573345,
    "duck_17": 978.7857762725325,
    "skybombs": 976.0439985339767,
    "neil": 1007.8982695940886,
    "zerk": 970.0,
    "chris_lang": 970.0,
    "chm": 970.0,
    "m2": 957.2729229851733,
    "skiqu": 958.7177516347289,
    "klucky": 951.9836920622604,
    "fatboy": 815.1423162803658,
    "tiny_bro": 974.9130533627974,
    "troll": 987.6134363833927,
    "zoro": 999.0383667783727,
    "leeisateam": 1016.5032868492436
}