{
    "nut": 1145.1857591827577,
    "jake": 1159.4938198259197,
    "sheep": 1109.9206315474612,
    "n00b": 1083.0858279771644,
    "kashwi": 1007.6669273453193,
    "jl": 1066.4654944965018,
    "ssisp": 872.8788592379765,
    "bob": 1075.2458477668665,
    "suoerjomblwojob": 1017.4542343087036,
    "duck_17": 958.4132755459943,
    "skybombs": 1019.7079988256049,
    "neil": 1007.8982695940886,
    "zerk": 955.0582256196894,
    "chris_lang": 952.6320079239869,
    "chm": 937.7244697449366,
    "m2": 1150.720608203074,
    "skiqu": 1056.3705433007162,
    "klucky": 913.1454579688342,
    "fatboy": 705.0978915126675,
    "tiny_bro": 836.1656669243898,
    "troll": 1012.3758125600407,
    "zoro": 999.0383667783727,
    "leeisateam": 993.5615205850784,
    "chokeagainplz": 967.8375756792622,
    "bluex": 914.9432790163576,
    "quiks": 1040.5439172505644,
    "alp": 908.9823837180787,
    "dfasfaddd": 974.1389049756918,
    "stonoga": 1154.2431599183615,
    "squitar": 1156.30671560448,
    "geo": 1089.524937800307,
    "abys": 790.1354709308661,
    "my_alt": 951.6251564787341,
    "simba": 1132.558219297256,
    "pmt": 926.7661287650357,
    "goomba": 982.2511460423381,
    "z2": 1017.6243905069629,
    "meow": 964.6631551273416,
    "afg": 1030.2443465624917,
    "sagh": 946.2380329219245
}