{
    "nut": 1145.1857591827577,
    "jake": 1135.3569434344922,
    "sheep": 1109.9206315474612,
    "n00b": 1046.8458361136784,
    "kashwi": 1007.6669273453193,
    "jl": 1066.4654944965018,
    "ssisp": 986.9889836828739,
    "bob": 1075.2458477668665,
    "suoerjomblwojob": 1069.4930878112273,
    "duck_17": 1021.1190249207682,
    "skybombs": 1019.7079988256049,
    "neil": 1007.8982695940886,
    "zerk": 955.0582256196894,
    "chris_lang": 970.0,
    "chm": 937.7244697449366,
    "m2": 1105.0469762257605,
    "skiqu": 1056.3705433007162,
    "klucky": 913.1454579688342,
    "fatboy": 705.0978915126675,
    "tiny_bro": 836.1656669243898,
    "troll": 960.336959057517,
    "zoro": 999.0383667783727,
    "leeisateam": 979.3636014291098,
    "chokeagainplz": 967.8375756792622,
    "bluex": 914.9432790163576,
    "quiks": 1040.5439172505644,
    "alp": 853.9899945865512,
    "dfasfaddd": 997.8886045936305,
    "stonoga": 1105.4652793936423,
    "squitar": 1134.29,
    "geo": 1059.4498524264704,
    "abys": 790.1354709308661,
    "my_alt": 951.6251564787341,
    "simba": 1132.558219297256,
    "pmt": 926.7661287650357,
    "goomba": 982.2511460423381,
    "z2": 1017.6243905069629,
    "meow": 964.6631551273416,
    "afg": 1034.656247428044
}