{
    "nut": 1145.1857591827577,
    "jake": 1094.923454411655,
    "sheep": 1057.4160104786672,
    "n00b": 1050.80515103908,
    "ssisp": 1046.92009427623,
    "kashwi": 1030.0,
    "jl": 1026.3259765328473,
    "bob": 1017.753639818391,
    "suoerjomblwojob": 994.8320209573345,
    "duck_17": 978.7857762725325,
    "skybombs": 976.0439985339767,
    "neil": 973.8483908187682,
    "zerk": 970.0,
    "chris_lang": 970.0,
    "chm": 970.0,
    "m2": 957.2729229851733,
    "skiqu": 956.2575095007168,
    "klucky": 951.9836920622604,
    "fatboy": 831.6456031296094
}