{
    "nut": 1145.1857591827577,
    "jake": 1094.5510491295254,
    "sheep": 1109.2580147452493,
    "n00b": 1046.8458361136784,
    "kashwi": 1007.6669273453193,
    "jl": 1066.4654944965018,
    "ssisp": 986.9889836828739,
    "bob": 1000.0696046387127,
    "suoerjomblwojob": 1069.4930878112273,
    "duck_17": 1021.1190249207682,
    "skybombs": 1098.5830940197616,
    "neil": 1007.8982695940886,
    "zerk": 955.0582256196894,
    "chris_lang": 970.0,
    "chm": 937.7244697449366,
    "m2": 1060.828128459648,
    "skiqu": 1056.3705433007162,
    "klucky": 913.1454579688342,
    "fatboy": 705.0978915126675,
    "tiny_bro": 836.1656669243898,
    "troll": 1029.7461502692336,
    "zoro": 999.0383667783727,
    "leeisateam": 979.3636014291098,
    "chokeagainplz": 967.8375756792622,
    "bluex": 957.3545217370491,
    "quiks": 1040.5439172505644,
    "alp": 871.2792122542103,
    "dfasfaddd": 997.8886045936305,
    "stonoga": 1105.4652793936423,
    "squitar": 1090.799371819107,
    "squita": 1059.559247374202,
    "geo": 1059.4498524264704,
    "abys": 829.9748691863616,
    "my_alt": 951.6251564787341,
    "simba": 1044.9170788043677,
    "pmt": 926.7661287650357,
    "goomba": 982.2511460423381,
    "z2": 1017.6243905069629
}