{
    "nut": 1145.1857591827577,
    "jake": 1077.3111957006506,
    "sheep": 1082.5029571158698,
    "n00b": 1083.8355133793063,
    "kashwi": 1007.6669273453193,
    "jl": 1026.3259765328473,
    "ssisp": 986.9889836828739,
    "bob": 1000.0696046387127,
    "suoerjomblwojob": 1069.4930878112273,
    "duck_17": 1021.1190249207682,
    "skybombs": 1060.8101527636704,
    "neil": 1007.8982695940886,
    "zerk": 970.0,
    "chris_lang": 970.0,
    "chm": 937.7244697449366,
    "m2": 973.4379937942105,
    "skiqu": 1056.3705433007162,
    "klucky": 913.1454579688342,
    "fatboy": 749.7659965355441,
    "tiny_bro": 924.1620913543418,
    "troll": 1029.7461502692336,
    "zoro": 999.0383667783727,
    "leeisateam": 946.3484783776217,
    "chokeagainplz": 967.8375756792622,
    "bluex": 957.3545217370491,
    "quiks": 981.3854696840834,
    "alp": 900.4261841983055,
    "dfasfaddd": 997.8886045936305,
    "stonoga": 1044.4367984830917,
    "squitar": 1090.799371819107,
    "squita": 1027.7692718727926,
    "geo": 1040.6023868868174,
    "abys": 956.1525781325389,
    "my_alt": 951.6251564787341,
    "simba": 1044.7750796426844
}